2712305611,丁禹兮,1049,347,1459.5万
1993299944,韩束KANS,6312,210,51.9万
6294896517,禹泥不芋,6885,973,1.6万
2931211651,SXYINGZ,674,493,1.2万
3592375633,stillalive0_0,1765,286,332
7498757251,Ryan_椿许愿禹安,10100,445,2.2万
3880535925,松酪兮兮薯,765,147,31
5172348024,Lyeal,2009,237,1211
7423253479,雨无序,3949,752,2428
5611273038,云染seven,1367,1058,1775
7480876556,弦月q,565,255,217
6249483190,禹迎Eliauk,1815,694,2548
2653015693,禹小乔Y,1824,1212,1.2万
6325139557,爱吃板栗的木子,6133,720,9.1万
6230518150,摘一束玫瑰,9688,833,1632
2372948915,森旅迷了鹿ming,10463,1244,1.3万
2174401875,想吃馒tou,3838,1184,4921
6356124474,Sevenchennnn,8418,456,2548
5226430338,小航椰椰dyxx,2168,569,2753
7774189959,星辞0327,2161,405,1246
7960981425,玉奚在上头,7534,456,1万
7270313160,是小灰灰吖lin,3472,2980,12.5万
6668805406,小雨滴滴塔塔,185,102,29
1760616432,啥是啥还会被占用,1888,1281,938
2230080931,BeTrue-1218,1,123,151
5664826746,扬州赋,4750,999,18.2万
7895847291,花果山_孙悟空,7372,20000,11.7万
6156638817,唯你一人足矣HCY,5025,341,12
6571278072,泡泡一朵,82,455,74
6768192176,不可说尔,3650,1316,32万
7444405619,angel_棍諛源峒祀,4255,1077,1.1万
7461844282,兎塑厨,1852,1213,1.1万
7809046798,祭黒轨熏,796,722,1.8万
7537856672,综艺密码,6267,3134,11.6万
7817819026,笑笑今天笑了嘛_与祎并肩作战版,5523,2120,1.2万
7360804887,用户7360804887,139,96,4
6931626056,咬个朋友,675,119,119
1735821227,帽子Cat,4753,209,314
2649736131,BLfin,75,166,176
6430801686,我好想重来一次啊,26,173,104
2390926447,就是不爱吃萝卜bo,10003,1696,2618
1803382451,在家种花的东南叉,508,1365,1806
5751181769,互联网料哥,8207,1749,12.3万
1638942712,玛丽联梦,306,204,214
1073607105,深山猎人鱼,15417,5139,3643
6223412559,会飞的鱼8087,36,418,204
6614411772,融悟之光,917,56,217
3960627202,WangBoYi0,371,393,126
6178330402,爱玛太帅了,10,237,370
7898336449,在陶艺馆打拳的狗狗,71,259,184
6991393733,萌萌糖语,1425,571,40
1868035661,渝州财桃桃,374,6895,4456
7963818974,在梦月湖学配音的棕熊,100,96,146
7563674013,盲俠锦鲤公仔面,58378,177,127
2825673180,掌车车,561,219,1.3万
7377565472,用户7377565472,653,4698,1272
1600857707,我行我素5998,19151,2632,875
5879246515,黑桃老村长,100,181,121
5888537662,镜子随手记,3776,1406,204
5863867782,锦鲤绝缘体g,274,272,114
7942418192,浓郁的蓝色幻想,72,38,5
7967941332,用户7967941332,25907,2053,2800
3178093153,并不软的软喵子,61149,2162,43.4万
5199439100,给我啵一口贝贝,1994,166,2138
2833542245,灯芯绒酱,13933,300,287
7168824821,少爷已经很久没有这样笑了,5093,2824,152
1889813875,不水不舒服斯基,18598,2304,43
3256831402,专治不运不育王,5850,570,636
3871464751,升知道,20,367,1497
1557963277,花甲哦,9989,673,1655
2338712645,不如跳舞123456789,14800,244,8
6423629114,钢牙超酷der,1486,39,20
5307511799,对着喵,1017,301,57
7746047136,大鱼鱼不下雨,306,115,2
7307039370,王王仙贝吃雪饼,944,1490,67
2667105191,湖北网民_,192,102,421
5613222318,橙子蜜桃泡泡,12,448,73
7743056807,用户7743056807,1359,196,12
6075408650,没有情绪化w,125,152,98
1686776600,随安然82,2669,728,586
5326598060,弥胡桃子,14565,465,152.8万
7940234145,念初洁AS,7304,724,37
7438590646,越长大越觉得可爱,47924,5432,104
7858750383,还记得你说过你一定会出人头地吗,1216,723,239
7622374006,毓泑,5156,594,8
5659701419,云朵小甜饼,66338,8086,301
7783314350,一人一梦闯江湖,22025,2705,122
7735987337,碎碎念念百看不厌,2543,849,33
7609430764,怎么都喜欢飞度啊,83654,4396,250
7260087201,冉冉噜啦啦,6182,772,48
7856979026,粘人的猫咪精,8717,2155,534
6307810000,我心中的大中华,18741,2204,98
7963117679,取了个怪名称,2436,725,41
2585153171,13大一,8523,972,528
7570116575,葡萄山茶气泡,32445,2455,493
7486415802,周周EL,31150,3367,141
6749517833,十一点零伍分,4613,825,379
3822665334,春txy-,10890,2732,221
7782155459,紫米饭呀_,117020,4708,365
5715355823,甫壮,12834,1715,62
7695424327,盛夏梅子汤来一碗,7718,1574,38
2036161077,马上谈,36889,2279,47.7万
2091313622,阿潘的迷宫,540,313,163
1194534972,养生学姐,1099,163,586
7530249329,义忠梁山伯,37860,356,242
1396235537,春江川农业发展,15779,919,1692
1151002717,三丰v,1,417,86
1151002717,三丰v,1,417,86
2705589884,张艺凡,1212,283,413.7万
7481878276,岑凡9,2209,1143,2491
7601726421,番薯蛋糕-,433,181,725
7603224961,-穿什么大裤茶,34697,1210,2716
7291888801,钮钴禄·噜咕噜噜·,16714,991,2.2万
6622558401,馨妍艺口脆脆酥,6264,1167,1.1万
7219408520,尝艺口甜幂,4590,871,1390
6745054650,叽里咕噜冒泡泡_,156,190,65
7350821244,桃花源与岳阳楼,6360,955,1500
6890770896,二三初映,8147,1668,486
6890770896,二三初映,8147,1668,486
7670948684,番薯大王妃,6395,1138,1.2万
7603224961,-穿什么大裤茶,34697,1210,2716
6383290933,椰椰番薯包,775,125,28
7540749660,姜米条yi,546,326,113
7492946383,布丁心媛szy,1610,351,210
7510964421,凡是皆可扰,2060,1088,1564
6582560758,羽禾宝,1931,473,218
6864844177,时滢莹-,333,193,19
6582560758,羽禾宝,1931,473,218
5818797304,每天都有很多图,1967,186,635
5376089014,玩车豆豆,10308,988,89.7万
5518709173,六神不神_,6747,868,931
5853813917,女王铁粉,345,2009,1603
5736438989,Super李Super,29717,8973,3411
5736438989,Super李Super,29717,8973,3411
5647085080,逃离小豆岛,317,432,95
7826635432,南都夜雨半城殇,20261,890,1076
7824181137,小静子2023,20501,4305,218
2908016133,奋斗中的阿sao,415,477,170
6228433242,跑不快的胡图图,102,472,84
7615264683,如何_921,84,827,21
2428848402,永远向前希望达成,4530,1212,433
2460311554,龙之吻xu_662,416,275,524
5035553786,时光音乐回忆,15235,1546,112
5035553786,时光音乐回忆,15235,1546,112
2456866900,偶遇--俩俩相忘,3918,953,306
2391529223,力量巅峰,10264,3235,227
2104572623,Hello-齐平,1357,508,680
5062267229,未妨惆怅是清kuang,578,103,117
2669183275,-念ni-,44,322,156
3148209950,好好吃饭啊早睡早起啊,925,1515,2608
